<?xml version="1.0" encoding="UTF-8"?>
<!DOCTYPE mapper
  PUBLIC "-//mybatis.org//DTD Mapper 3.0//EN"
  "http://mybatis.org/dtd/mybatis-3-mapper.dtd">
  
<mapper namespace="kr.tm.teammaker.dao.ApplyMapper">
  
<resultMap id="applyMember" type="string">
	<result column="Member_email" property="Member_email"></result>
</resultMap>

<insert id="insert" parameterType="map">
	INSERT INTO Apply (Board_id, Member_email)
	VALUES (#{Board_id},#{Member_email})
</insert>

<select id="selectList" parameterType="int" resultMap="applyMember">
	SELECT Member_email
	FROM Apply
	WHERE Board_id=#{value}
</select>


	<select id="getNotices" parameterType="map" resultMap="applyMember">
		SELECT Member_email, Board_id
		FROM apply
	</select>


</mapper>