<?xml version="1.0" encoding="UTF-8"?>
<!DOCTYPE mapper
  PUBLIC "-//mybatis.org//DTD Mapper 3.0//EN"
  "http://mybatis.org/dtd/mybatis-3-mapper.dtd">

<mapper namespace="kr.tm.teammaker.dao.BoardMapper">

	<resultMap type="kr.tm.teammaker.vo.Board" id="boardResultMap">
		<result column="Board_id" property="Board_id" />
		<result column="Member_email" property="Member_email" />
		<result column="Board_title" property="Board_title" />
		<result column="Board_context" property="Board_context" />
		<result column="Team_id" property="Team_id" />
		<result column="Board_date" property="Board_date" />
	</resultMap>


	<select id="selectOne" parameterType="map" resultMap="boardResultMap">
		SELECT
		Board_id, Member_email, Board_title, Board_context, Team_id,
		Board_date
		FROM board
		WHERE Board_id=#{Bid} AND Member_email=#{email}
	</select>
	

	<insert id="insert" parameterType="kr.tm.teammaker.vo.Board">
		INSERT INTO BOARD (
		Member_email, Board_title, Board_context, Team_id, Board_date)
		VALUES
		(#{Member_email},#{Board_title},#{Board_context},#{Team_id},now())
		
	</insert>


	<update id="update" parameterType="kr.tm.teammaker.vo.Board">
		UPDATE board
		<set>
			<if test="Board_title != null">Board_title=#{Board_title},</if>
			<if test="Board_context != null">Board_context=#{Board_context},</if>
		</set>
		WHERE Board_id=#{Board_id}
	</update>


	<select id="getNotices" parameterType="map" resultMap="boardResultMap">
		SELECT *
		FROM board
	</select>

	<delete id="delete" parameterType="kr.tm.teammaker.vo.Board">
		DELETE FROM board
		WHERE
		Board_id = #{Board_id}
	</delete>



</mapper>