<?xml version="1.0" encoding="UTF-8"?>
<!DOCTYPE mapper
  PUBLIC "-//mybatis.org//DTD Mapper 3.0//EN"
  "http://mybatis.org/dtd/mybatis-3-mapper.dtd">

<mapper namespace="kr.tm.teammaker.dao.MemberMapper">

	<resultMap type="kr.tm.teammaker.vo.Member" id="memberResultMap">
		<result column="Member_name" property="Member_name" />
		<result column="Member_email" property="Member_email" />
		<result column="Member_password" property="Member_password" />
		<result column="Member_phonenum" property="Member_phonenum" />
		<result column="Member_tech" property="Member_tech" />
	</resultMap>


	<select id="selectOne" parameterType="map" resultMap="memberResultMap">
		SELECT
		Member_name, Member_email,Member_password,Member_phonenum, Member_tech
		FROM member
		WHERE Member_email=#{email} AND Member_password=#{password}
	</select>


	<insert id="insert" parameterType="kr.tm.teammaker.vo.Member">
		INSERT INTO MEMBER
		(Member_name, Member_password, Member_phonenum, Member_tech,
		Member_email)
		VALUES
		(#{Member_name},#{Member_password},#{Member_phonenum},#{Member_tech},#{Member_email})
	</insert>


	<update id="update" parameterType="kr.tm.teammaker.vo.Member">
		UPDATE member
		<set>
			<if test="Member_name != null">Member_name=#{Member_name},</if>
			<if test="Member_password != null">Member_password=#{Member_password},</if>
			<if test="Member_phonenum != null">Member_phonenum=#{Member_phonenum},</if>
			<if test="Member_tech != null">Member_tech=#{Member_tech}</if>
		</set>
		WHERE Member_email=#{Member_email}
	</update>

	<select id="getMembers" parameterType="map" resultMap="memberResultMap">
		SELECT Member_name, Member_email, Member_password, Member_phonenum,
		Member_tech
		FROM member
	</select>

	<delete id="delete" parameterType="kr.tm.teammaker.vo.Member">
		DELETE FROM member
		WHERE Member_email = #{Member_email}
	</delete>



</mapper>