<?xml version="1.0" encoding="UTF-8"?>
<!DOCTYPE mapper
  PUBLIC "-//mybatis.org//DTD Mapper 3.0//EN"
  "http://mybatis.org/dtd/mybatis-3-mapper.dtd">

<mapper namespace="kr.tm.teammaker.dao.TeamBoardMapper">

<resultMap type="kr.tm.teammaker.vo.TeamBoard" id="TeamBoardResultMap">
    <result column="TBoard_id"  property="TBoard_id"/>
    <result column="Member_email"    property="Member_email"/>
    <result column="TBoard_title" property="TBoard_title"/>
    <result column="TBoard_context" property="TBoard_context" />
    <result column="Team_id" property="Team_id" />
    <result column="TBoard_date" property="TBoard_date"/>
 </resultMap>

	
	<insert id="insert" parameterType="kr.tm.teammaker.vo.TeamBoard">
		INSERT INTO ${Team_id} (TBoard_id, Member_email, TBoard_title, TBoard_context, Team_id, TBoard_date)
		VALUES (#{TBoard_id},#{Member_email},#{TBoard_title},#{TBoard_context},#{Team_id},#{TBoard_date})
	</insert>


	<update id="update" parameterType="kr.tm.teammaker.vo.TeamBoard">
		UPDATE teamboard
		<set>
		 <if test="TBoard_title != null">TBoard_title=#{TBoard_title},</if>
    	 <if test="TBoard_context != null">TBoard_context=#{TBoard_context},</if>
		</set>
		WHERE TBoard_id=#{TBoard_id}
	</update>
	
	<select id="getNotices" parameterType="String" resultMap="TeamBoardResultMap">
        SELECT TBoard_id, Member_email, TBoard_title, TBoard_context, Team_id, TBoard_date 
		FROM teamboard
		WHERE Team_id=${_parameter}
    </select>
    

</mapper>