<?xml version="1.0" encoding="UTF-8"?>
<!DOCTYPE mapper
  PUBLIC "-//mybatis.org//DTD Mapper 3.0//EN"
  "http://mybatis.org/dtd/mybatis-3-mapper.dtd">

<mapper namespace="kr.tm.teammaker.dao.TMemMapper">

	<resultMap type="kr.tm.teammaker.vo.TMem" id="TMemResultMap">
		<result column="Member_email" property="Member_email" />
		<result column="Team_id" property="Team_id" />
	</resultMap>
	
	<select id="getNotices" parameterType="map" resultMap="TMemResultMap">
		SELECT Member_email
		FROM TMem
		WHERE Team_id=#{Team_id}	
	</select>
	
	<select id="selectOne" parameterType="String" resultMap="TMemResultMap">
		SELECT Team_id
		FROM TMem
		WHERE Member_email= #{Member_email}
	</select>

	
	<insert id="insert" parameterType="kr.tm.teammaker.vo.TMem">
		INSERT INTO TMem (
		Member_email, Team_id)
		VALUES
		(#{Member_email},#{Team_id})
	</insert>
	
</mapper>	
	